id	name
1	Mia
2	Leo
3	Leo
4	Ben
5	Leo
6	Leo
7	Sam
8	Leo
9	Cut
10	Leo
11	Doug Bradley
12	Leo
13	Sam
14	Sam
15	Mia
16	Sam
17	Jack
18	Leo
19	Leo
20	Ito
21	Ito
22	Hitler
23	Patricia Hunter
24	Bob
25	Bebe Neuwirth
26	Che
27	Ben
28	Sam
29	Cut
30	Ben
31	Max
32	Sam
33	Leo
34	Sam
35	Sam
36	Leo
37	Sachin Dev Burman
38	Leo
39	Leo
40	Sam
41	Randolph Scott
42	Leo
43	Sam
44	Sam
45	Leo
46	Leo
47	Leo
48	Adam
49	Sita
50	Lin
51	Leo
52	Meg
53	Leo
54	Leo
55	Sam
56	Leo
57	Greg
58	Leo
59	Leo
60	Sita
61	Lin
62	Lin
63	Sam
64	MM
65	Leo
66	Leo
67	Ben
68	Tony
69	Sam
70	Leo
71	Sita
72	Leo
73	Leo
74	Paul
75	Leo
76	Mia
77	Robert De Niro
78	Sam
79	Cut
80	Max
81	Sam
82	Leo
83	Rai
84	Leo
85	Lena
86	Sam
87	Leo
88	Paul
89	Sita
90	Bebe Neuwirth
91	Cut
92	Carrey's
93	Max
94	Ed
95	Iris
96	Sita
97	Leo
98	Max
99	Sam
100	Sam
101	Sam
102	Christopher Walken
103	Cut
104	Lin
105	Sam
106	Mehta
107	Sam
108	Sam
109	Sam
110	Ed
111	Leo
112	Boyd
113	Ben
114	John Williams
115	Rai
116	Mia
117	Leo
118	Sam
119	Cut
120	Leo
121	Anne
122	Bob
123	Poor
124	Sam
125	Tom
126	Leo
127	Ali
128	Max
129	Stanley
130	Mia
131	Sita
132	Sam
133	Sam
134	Leo
135	Sam
136	Leo
137	Sam
138	Lin
139	Sam
140	Boll
141	Leo
142	Paul
143	Leo
144	Sam
145	Lin
146	Mehta
147	Iris
148	Sam
149	Sam
150	Leo
151	Leo
152	Lin
153	Christopher Walken
154	Ben
155	Paul
156	Sam
157	Sam
158	Anne
159	Leo
160	Leo
161	Sadako
162	Max
163	Leo
164	Shemp
165	Sam
166	Christopher Walken
167	Boris Karloff
168	Iris
169	Max
170	Sam
171	Leo
172	Ian
173	Leo
174	Tony
175	Sam
176	Max
177	Tony
178	Griffiths
179	Ross
180	Sam
181	Michael Ironside
182	Cut
183	Sam
184	Leo
185	Sam
186	Sam
187	Sam
188	Sam
189	Ben
190	Sam
191	Leo
192	Mia
193	Emma
194	Ed
195	Boll
196	Paul Giamatti
197	Boll
198	Anne
199	Leo
200	Leo
